when	stage	model	seconds	peak_gb	ok	output
2026-09-26T02:33:56	concept	zimage-turbo	27.0	22.1	1	$M3D_OUT/spike-2026-09-26/chest/concept-zimage-turbo-s7.png
2026-09-26T02:34:16	concept	zimage-turbo	19.5	22.0	1	$M3D_OUT/spike-2026-09-26/chest/concept-zimage-turbo-s8.png
2026-09-26T02:34:37	concept	zimage-turbo	20.8	22.0	1	$M3D_OUT/spike-2026-09-26/knight/concept-zimage-turbo-s7.png
2026-09-26T02:34:59	concept	zimage-turbo	22.3	22.0	1	$M3D_OUT/spike-2026-09-26/knight/concept-zimage-turbo-s8.png
2026-09-26T02:35:21	concept	zimage-turbo	21.8	22.0	1	$M3D_OUT/spike-2026-09-26/succulent/concept-zimage-turbo-s7.png
2026-09-26T02:35:41	concept	zimage-turbo	20.5	22.0	1	$M3D_OUT/spike-2026-09-26/succulent/concept-zimage-turbo-s8.png
2026-09-26T02:36:01	concept	zimage-turbo	19.5	22.0	1	$M3D_OUT/spike-2026-09-26/hoverbike/concept-zimage-turbo-s7.png
2026-09-26T02:36:21	concept	zimage-turbo	19.7	22.0	1	$M3D_OUT/spike-2026-09-26/hoverbike/concept-zimage-turbo-s8.png
2026-09-26T02:36:49	mesh-draft	hy3d	12.7	5.5	1	$M3D_OUT/spike-2026-09-26/chest/concept-zimage-turbo-s8-hy3d-draft.glb
2026-09-26T02:37:00	mesh-draft	hy3d	9.6	5.4	1	$M3D_OUT/spike-2026-09-26/hoverbike/concept-zimage-turbo-s7-hy3d-draft.glb
2026-09-26T02:37:11	mesh-draft	hy3d	10.5	5.3	1	$M3D_OUT/spike-2026-09-26/knight/concept-zimage-turbo-s7-hy3d-draft.glb
2026-09-26T02:37:21	mesh-draft	hy3d	9.7	5.4	1	$M3D_OUT/spike-2026-09-26/succulent/concept-zimage-turbo-s8-hy3d-draft.glb
2026-09-26T02:42:12	mesh-full	hy3d	281.7	32.3	1	$M3D_OUT/spike-2026-09-26/chest/concept-zimage-turbo-s8-hy3d-full.glb
2026-09-26T02:48:39	mesh-full	hy3d	385.8	32.3	1	$M3D_OUT/spike-2026-09-26/knight/concept-zimage-turbo-s7-hy3d-full.glb
2026-09-26T02:50:50	mesh-full	hy3d	130.6	32.2	1	$M3D_OUT/spike-2026-09-26/succulent/concept-zimage-turbo-s8-hy3d-full.glb
2026-09-26T03:12:02	mesh-full	pixal3d	1207.9	0.0	0	$M3D_OUT/spike-2026-09-26/knight/concept-zimage-turbo-s7-pixal3d-full.glb
2026-09-26T03:14:43	post-visionos	blender-metal	128.8	9.2	1	chest/concept-zimage-turbo-s8-hy3d-full-visionos/concept-zimage-turbo-s8-hy3d-full_LOD0.glb
2026-09-26T03:14:51	post-visionos	blender-cpu	7.5	1.5	1	succulent/concept-zimage-turbo-s8-hy3d-full-visionos/concept-zimage-turbo-s8-hy3d-full_LOD0.glb
2026-09-26T12:26:16	mesh-full	hy3d	126.0	32.3	1	$M3D_OUT/spike-2026-09-26/knight-v/concept-zimage-turbo-s7-hy3d-full.glb
2026-09-27T00:55:03	mesh-full	pixal3d	44908.5	0.0	0	$M3D_OUT/spike-2026-09-26/knight-v/concept-zimage-turbo-s7-pixal3d-full.glb
2026-10-02T00:01:56	concept	zimage-turbo	25.0	22.0	1	$M3D_OUT/20261002-000131-a-stylized-wooden-treasure-chest-with-iron-bands/concept-zimage-turbo-s11.png
2026-10-02T00:08:28	mesh-full	hy3d	390.5	32.3	1	$M3D_OUT/20261002-000131-a-stylized-wooden-treasure-chest-with-iron-bands/concept-zimage-turbo-s11-hy3d-full.glb
2026-10-02T00:08:39	post-visionos	blender-cpu	10.0	1.6	1	$M3D_OUT/20261002-000131-a-stylized-wooden-treasure-chest-with-iron-bands/concept-zimage-turbo-s11-hy3d-full-visionos/concept-zimage-turbo-s11-hy3d-full_LOD0.glb
2026-10-02T00:09:08	mesh-draft	hy3d	15.0	5.3	1	$M3D_OUT/20261002-000853-concept-zimage-turbo-s8/concept-zimage-turbo-s8-hy3d-draft.glb
2026-10-02T00:09:19	post-visionos	blender-cpu	10.0	1.5	1	$M3D_OUT/spike-2026-09-26/knight-v/concept-zimage-turbo-s7-hy3d-full-visionos/concept-zimage-turbo-s7-hy3d-full_LOD0.glb
2026-10-02T00:09:29	post-game	blender-cpu	10.0	1.5	1	$M3D_OUT/spike-2026-09-26/knight-v/concept-zimage-turbo-s7-hy3d-full-game/concept-zimage-turbo-s7-hy3d-full_LOD0.glb
2026-10-02T00:18:51	post-visionos	blender-cpu	10.0	1.6	1	$M3D_OUT/20261002-000131-a-stylized-wooden-treasure-chest-with-iron-bands/concept-zimage-turbo-s11-hy3d-full-visionos/concept-zimage-turbo-s11-hy3d-full_LOD0.glb
2026-10-02T00:19:09	post-visionos	blender-cpu	10.0	1.6	1	chest/concept-zimage-turbo-s8-hy3d-full-visionos/concept-zimage-turbo-s8-hy3d-full_LOD0.glb
2026-10-02T00:19:19	post-visionos	blender-cpu	10.0	1.5	1	succulent/concept-zimage-turbo-s8-hy3d-full-visionos/concept-zimage-turbo-s8-hy3d-full_LOD0.glb
2026-10-02T00:19:29	post-visionos	blender-cpu	10.0	1.5	1	knight-v/concept-zimage-turbo-s7-hy3d-full-visionos/concept-zimage-turbo-s7-hy3d-full_LOD0.glb
2026-10-02T00:19:40	post-game	blender-cpu	10.0	1.5	1	knight-v/concept-zimage-turbo-s7-hy3d-full-game/concept-zimage-turbo-s7-hy3d-full_LOD0.glb
2026-10-02T00:25:15	mesh-full	hy3d	295.4	32.3	1	$M3D_OUT/spike-2026-09-26/chest-v/concept-zimage-turbo-s8-hy3d-full.glb
2026-10-02T00:25:26	post-visionos	blender-cpu	10.0	1.6	1	chest-v/concept-zimage-turbo-s8-hy3d-full-visionos/concept-zimage-turbo-s8-hy3d-full_LOD0.glb
2026-10-02T00:30:37	mesh-full	hy3d	310.5	32.2	1	$M3D_OUT/spike-2026-09-26/succulent-v/concept-zimage-turbo-s8-hy3d-full.glb
2026-10-02T00:30:53	post-visionos	blender-cpu	15.0	1.7	1	succulent-v/concept-zimage-turbo-s8-hy3d-full-visionos/concept-zimage-turbo-s8-hy3d-full_LOD0.glb
2026-10-02T00:35:55	mesh-full	pixal3d	260.4	0.0	1	$M3D_OUT/spike-2026-09-26/knight-p3d/concept-zimage-turbo-s7-pixal3d-full.glb
2026-10-02T00:36:19	post-visionos	blender-cpu	10.0	1.8	1	knight-p3d/concept-zimage-turbo-s7-pixal3d-full-visionos/concept-zimage-turbo-s7-pixal3d-full_LOD0.glb
2026-10-02T00:40:31	mesh-full	trellis2	215.3	0.0	1	$M3D_OUT/spike-2026-09-26/knight-t2/concept-zimage-turbo-s7-trellis2-full.glb
2026-10-02T00:40:48	post-visionos	blender-cpu	10.0	1.8	1	knight-t2/concept-zimage-turbo-s7-trellis2-full-visionos/concept-zimage-turbo-s7-trellis2-full_LOD0.glb
2026-10-02T00:47:49	mesh-full	hy3d-large	370.5	33.4	1	$M3D_OUT/spike-2026-09-26/chest-v/concept-zimage-turbo-s8-hy3d-large-full.glb
2026-10-02T00:50:05	mesh-full	hy3d	135.2	32.2	1	$M3D_OUT/spike-2026-09-26/hoverbike-v/concept-zimage-turbo-s7-hy3d-full.glb
2026-10-02T00:52:03	concept	qwen-2.1	90.2	60.3	1	qwen/chest/concept-qwen-2.1-s7.png
2026-10-02T00:53:33	concept	qwen-2.1	90.1	60.9	1	qwen/knight/concept-qwen-2.1-s7.png
2026-10-02T00:54:58	concept	qwen-2.1	85.1	60.9	1	qwen/succulent/concept-qwen-2.1-s7.png
2026-10-02T00:56:24	concept	qwen-2.1	85.1	60.9	1	qwen/hoverbike/concept-qwen-2.1-s7.png
2026-10-02T12:20:04	concept	zimage-turbo	25.0	22.0	1	$M3D_OUT/20261002-121939-an-orange-cat/concept-zimage-turbo-s42.png
2026-10-02T12:20:20	mesh-draft	hy3d	15.0	5.5	1	$M3D_OUT/20261002-121939-an-orange-cat/concept-zimage-turbo-s42-hy3d-draft.glb
2026-10-02T12:20:22	post-hero	blender-cpu	25.0	5.1	1	$M3D_OUT/spike-2026-09-26/knight-v/concept-zimage-turbo-s7-hy3d-full-hero/concept-zimage-turbo-s7-hy3d-full_LOD0.glb
2026-10-02T12:22:51	concept	zimage-turbo	25.0	22.0	1	$M3D_OUT/20261002-122226-a-cute-robot-mailbox-game-asset/concept-zimage-turbo-s42.png
2026-10-02T12:30:52	mesh-full	hy3d	480.5	32.5	1	$M3D_OUT/20261002-122226-a-cute-robot-mailbox-game-asset/concept-zimage-turbo-s42-hy3d-full.glb
2026-10-02T12:31:04	post-visionos	blender-cpu	10.0	1.6	1	$M3D_OUT/20261002-122226-a-cute-robot-mailbox-game-asset/concept-zimage-turbo-s42-hy3d-full-visionos/concept-zimage-turbo-s42-hy3d-full_LOD0.glb
2026-10-02T12:35:27	concept	zimage-turbo	25.0	22.0	1	$M3D_OUT/20261002-123501-a-brass-ship-s-lantern-with-green-glass-panes/concept-zimage-turbo-s42.png
2026-10-02T12:35:47	concept	zimage-turbo	20.0	22.0	1	$M3D_OUT/20261002-123501-a-brass-ship-s-lantern-with-green-glass-panes/concept-zimage-turbo-s43.png
2026-10-02T12:36:12	concept	zimage-turbo	25.0	22.0	1	$M3D_OUT/20261002-123501-a-brass-ship-s-lantern-with-green-glass-panes/concept-zimage-turbo-s44.png
2026-10-02T12:36:37	concept	zimage-turbo	25.0	22.0	1	$M3D_OUT/20261002-123501-a-brass-ship-s-lantern-with-green-glass-panes/concept-zimage-turbo-s45.png
2026-10-02T12:39:18	concept	zimage-turbo	20.0	22.0	1	$M3D_OUT/20261002-123856-a-brass-ship-s-lantern-with-flat-green-glass-win/concept-zimage-turbo-s42.png
2026-10-02T12:39:38	concept	zimage-turbo	20.0	22.0	1	$M3D_OUT/20261002-123856-a-brass-ship-s-lantern-with-flat-green-glass-win/concept-zimage-turbo-s43.png
2026-10-02T12:39:58	concept	zimage-turbo	20.0	22.0	1	$M3D_OUT/20261002-123856-a-brass-ship-s-lantern-with-flat-green-glass-win/concept-zimage-turbo-s44.png
2026-10-02T12:40:23	concept	zimage-turbo	25.0	22.0	1	$M3D_OUT/20261002-123856-a-brass-ship-s-lantern-with-flat-green-glass-win/concept-zimage-turbo-s45.png
2026-10-02T12:45:32	mesh-full	hy3d	195.2	32.2	1	$M3D_OUT/20261002-123856-a-brass-ship-s-lantern-with-flat-green-glass-win/concept-zimage-turbo-s45-hy3d-full.glb
2026-10-02T12:45:53	post-hero	blender-cpu	20.0	5.1	1	$M3D_OUT/20261002-123856-a-brass-ship-s-lantern-with-flat-green-glass-win/concept-zimage-turbo-s45-hy3d-full-hero/concept-zimage-turbo-s45-hy3d-full_LOD0.glb
2026-10-02T12:58:10	mesh-full	hunyuan21-rig	145.1	0.1	1	$M3D_OUT/spike-2026-09-26/knight-rig/concept-zimage-turbo-s7-hunyuan21-rig-full.glb
2026-10-02T12:59:18	post-visionos	blender-cpu	10.0	1.5	1	$M3D_OUT/spike-2026-09-26/knight-rig/concept-zimage-turbo-s7-hunyuan21-rig-full-visionos/concept-zimage-turbo-s7-hunyuan21-rig-full_LOD0.glb
2026-10-02T13:11:00	post-hero	blender-cpu	20.0	5.2	1	$M3D_OUT/20261002-123856-a-brass-ship-s-lantern-with-flat-green-glass-win/concept-zimage-turbo-s45-hy3d-full-hero-glass/concept-zimage-turbo-s45-hy3d-full_LOD0.glb
2026-10-02T13:12:28	post-hero	blender-cpu	20.0	5.3	1	$M3D_OUT/20261002-123856-a-brass-ship-s-lantern-with-flat-green-glass-win/concept-zimage-turbo-s45-hy3d-full-hero-glass/concept-zimage-turbo-s45-hy3d-full_LOD0.glb
2026-10-02T13:14:49	post-hero	blender-cpu	25.0	5.2	1	$M3D_OUT/20261002-123856-a-brass-ship-s-lantern-with-flat-green-glass-win/concept-zimage-turbo-s45-hy3d-full-hero-glass/concept-zimage-turbo-s45-hy3d-full_LOD0.glb
2026-10-02T13:16:40	post-hero	blender-cpu	25.0	5.2	1	$M3D_OUT/20261002-123856-a-brass-ship-s-lantern-with-flat-green-glass-win/concept-zimage-turbo-s45-hy3d-full-hero-glass/concept-zimage-turbo-s45-hy3d-full_LOD0.glb
2026-10-02T13:18:11	post-hero	blender-cpu	25.0	5.2	1	$M3D_OUT/20261002-123856-a-brass-ship-s-lantern-with-flat-green-glass-win/concept-zimage-turbo-s45-hy3d-full-hero-glass/concept-zimage-turbo-s45-hy3d-full_LOD0.glb
2026-10-02T13:26:27	concept	zimage-turbo	25.0	22.0	1	$M3D_OUT/20261002-132601-a-six-sided-brass-ship-s-lantern-with-flat-green/concept-zimage-turbo-s42.png
2026-10-02T13:26:47	concept	zimage-turbo	20.0	22.0	1	$M3D_OUT/20261002-132601-a-six-sided-brass-ship-s-lantern-with-flat-green/concept-zimage-turbo-s43.png
2026-10-02T13:27:12	concept	zimage-turbo	25.0	22.0	1	$M3D_OUT/20261002-132601-a-six-sided-brass-ship-s-lantern-with-flat-green/concept-zimage-turbo-s44.png
2026-10-02T13:27:37	concept	zimage-turbo	25.0	22.0	1	$M3D_OUT/20261002-132601-a-six-sided-brass-ship-s-lantern-with-flat-green/concept-zimage-turbo-s45.png
2026-10-02T13:32:28	mesh-full	hy3d	250.2	32.2	1	$M3D_OUT/20261002-132601-a-six-sided-brass-ship-s-lantern-with-flat-green/concept-zimage-turbo-s45-hy3d-full.glb
2026-10-02T13:32:49	post-hero	blender-cpu	20.0	5.2	1	$M3D_OUT/20261002-132601-a-six-sided-brass-ship-s-lantern-with-flat-green/concept-zimage-turbo-s45-hy3d-full-hero-glass/concept-zimage-turbo-s45-hy3d-full_LOD0.glb
2026-10-02T14:48:26	post-hero	blender-cpu	20.0	5.3	1	$M3D_OUT/20261002-132601-a-six-sided-brass-ship-s-lantern-with-flat-green/concept-zimage-turbo-s45-hy3d-full-hero-glass/concept-zimage-turbo-s45-hy3d-full_LOD0.glb
2026-10-02T14:51:58	concept	zimage-turbo	25.0	22.0	1	$M3D_OUT/20261002-145122-antique-apothecary-bottle-of-dark-green-glass-wi/concept-zimage-turbo-s42.png
2026-10-02T14:52:18	concept	zimage-turbo	20.0	22.0	1	$M3D_OUT/20261002-145122-antique-apothecary-bottle-of-dark-green-glass-wi/concept-zimage-turbo-s43.png
2026-10-02T14:52:43	concept	zimage-turbo	25.0	22.0	1	$M3D_OUT/20261002-145122-antique-apothecary-bottle-of-dark-green-glass-wi/concept-zimage-turbo-s44.png
2026-10-02T14:53:08	concept	zimage-turbo	25.0	22.0	1	$M3D_OUT/20261002-145122-antique-apothecary-bottle-of-dark-green-glass-wi/concept-zimage-turbo-s45.png
2026-10-02T14:57:07	mesh-full	hy3d	200.3	32.2	1	$M3D_OUT/20261002-145122-antique-apothecary-bottle-of-dark-green-glass-wi/concept-zimage-turbo-s42-hy3d-full.glb
2026-10-02T14:57:28	post-hero	blender-cpu	20.0	5.1	1	$M3D_OUT/20261002-145122-antique-apothecary-bottle-of-dark-green-glass-wi/concept-zimage-turbo-s42-hy3d-full-hero-glass/concept-zimage-turbo-s42-hy3d-full_LOD0.glb
2026-10-02T15:01:12	concept	zimage-turbo	25.0	22.0	1	$M3D_OUT/20261002-150035-antique-apothecary-bottle-of-bright-translucent-/concept-zimage-turbo-s42.png
2026-10-02T15:01:37	concept	zimage-turbo	25.0	22.0	1	$M3D_OUT/20261002-150035-antique-apothecary-bottle-of-bright-translucent-/concept-zimage-turbo-s43.png
2026-10-02T15:02:02	concept	zimage-turbo	25.0	22.0	1	$M3D_OUT/20261002-150035-antique-apothecary-bottle-of-bright-translucent-/concept-zimage-turbo-s44.png
2026-10-02T15:02:27	concept	zimage-turbo	25.0	22.0	1	$M3D_OUT/20261002-150035-antique-apothecary-bottle-of-bright-translucent-/concept-zimage-turbo-s45.png
2026-10-02T15:06:59	mesh-full	hy3d	210.3	32.2	1	$M3D_OUT/20261002-150035-antique-apothecary-bottle-of-bright-translucent-/concept-zimage-turbo-s43-hy3d-full.glb
2026-10-02T15:07:19	post-hero	blender-cpu	20.0	5.1	1	$M3D_OUT/20261002-150035-antique-apothecary-bottle-of-bright-translucent-/concept-zimage-turbo-s43-hy3d-full-hero-glass/concept-zimage-turbo-s43-hy3d-full_LOD0.glb
2026-10-02T15:12:02	mesh-full	hunyuan21	120.1	0.1	1	$M3D_OUT/20261002-150035-antique-apothecary-bottle-of-bright-translucent-/concept-zimage-turbo-s43-hunyuan21-full.glb
2026-10-02T15:12:18	post-hero	blender-cpu	15.0	5.1	1	$M3D_OUT/20261002-150035-antique-apothecary-bottle-of-bright-translucent-/concept-zimage-turbo-s43-hunyuan21-full-hero-glass/concept-zimage-turbo-s43-hunyuan21-full_LOD0.glb
2026-10-02T15:21:34	post-hero	blender-cpu	20.0	5.1	1	$M3D_OUT/verify-2026-10-02/bottle-fix/bottle-hero-glass/bottle_LOD0.glb
2026-10-02T16:27:20	concept	zimage-turbo	25.0	22.0	1	$M3D_OUT/20261002-162653-a-squat-retro-toaster-robot-brushed-chrome-body-/concept-zimage-turbo-s42.png
2026-10-02T16:27:45	concept	zimage-turbo	25.0	22.0	1	$M3D_OUT/20261002-162653-a-squat-retro-toaster-robot-brushed-chrome-body-/concept-zimage-turbo-s43.png
2026-10-02T16:28:10	concept	zimage-turbo	25.0	22.0	1	$M3D_OUT/20261002-162653-a-squat-retro-toaster-robot-brushed-chrome-body-/concept-zimage-turbo-s44.png
2026-10-02T16:28:35	concept	zimage-turbo	25.0	22.0	1	$M3D_OUT/20261002-162653-a-squat-retro-toaster-robot-brushed-chrome-body-/concept-zimage-turbo-s45.png
2026-10-02T16:35:03	concept	zimage-turbo	20.0	22.0	1	$M3D_OUT/20261002-163432-a-tiny-cute-robot-character-its-body-is-a-squat-/concept-zimage-turbo-s42.png
2026-10-02T16:35:23	concept	zimage-turbo	20.0	22.0	1	$M3D_OUT/20261002-163432-a-tiny-cute-robot-character-its-body-is-a-squat-/concept-zimage-turbo-s43.png
2026-10-02T16:35:48	concept	zimage-turbo	25.0	22.0	1	$M3D_OUT/20261002-163432-a-tiny-cute-robot-character-its-body-is-a-squat-/concept-zimage-turbo-s44.png
2026-10-02T16:36:08	concept	zimage-turbo	20.0	22.0	1	$M3D_OUT/20261002-163432-a-tiny-cute-robot-character-its-body-is-a-squat-/concept-zimage-turbo-s45.png
2026-10-02T16:40:26	mesh-full	hy3d	200.3	32.2	1	$M3D_OUT/20261002-163432-a-tiny-cute-robot-character-its-body-is-a-squat-/concept-zimage-turbo-s43-hy3d-full.glb
2026-10-02T16:40:47	post-hero	blender-cpu	20.0	5.1	1	$M3D_OUT/20261002-163432-a-tiny-cute-robot-character-its-body-is-a-squat-/concept-zimage-turbo-s43-hy3d-full-hero/concept-zimage-turbo-s43-hy3d-full_LOD0.glb
2026-10-02T17:08:48	concept	zimage-turbo	25.0	22.0	1	$M3D_OUT/roster/05-teapot-robot/concept-zimage-turbo-s42.png
2026-10-02T17:12:32	post-visionos	blender-cpu	10.0	1.5	1	$M3D_OUT/roster/05-teapot-robot/concept-zimage-turbo-s42-hy3d-full-visionos/concept-zimage-turbo-s42-hy3d-full_LOD0.glb
2026-10-02T17:12:43	post-visionos	blender-cpu	10.0	1.5	1	$M3D_OUT/roster/05-teapot-robot/concept-zimage-turbo-s42-hy3d-full-visionos/concept-zimage-turbo-s42-hy3d-full_LOD0.glb
2026-10-02T17:13:15	concept	zimage-turbo	25.0	22.0	1	$M3D_OUT/roster/06-washing-machine-robot/concept-zimage-turbo-s42.png
2026-10-02T17:19:56	mesh-full	hy3d	400.4	32.2	1	$M3D_OUT/roster/06-washing-machine-robot/concept-zimage-turbo-s42-hy3d-full.glb
2026-10-02T17:20:12	post-visionos	blender-cpu	15.0	1.9	1	$M3D_OUT/roster/06-washing-machine-robot/concept-zimage-turbo-s42-hy3d-full-visionos-glass/concept-zimage-turbo-s42-hy3d-full_LOD0.glb
2026-10-02T17:20:42	concept	zimage-turbo	30.0	22.0	1	$M3D_OUT/roster/07-lamp-robot/concept-zimage-turbo-s42.png
2026-10-02T17:26:18	mesh-full	hy3d	335.5	32.2	1	$M3D_OUT/roster/07-lamp-robot/concept-zimage-turbo-s42-hy3d-full.glb
2026-10-02T17:26:29	post-visionos	blender-cpu	10.0	1.6	1	$M3D_OUT/roster/07-lamp-robot/concept-zimage-turbo-s42-hy3d-full-visionos/concept-zimage-turbo-s42-hy3d-full_LOD0.glb
2026-10-02T17:27:53	concept	zimage-turbo	25.0	22.0	1	$M3D_OUT/roster/08-umbrella-robot/concept-zimage-turbo-s42.png
2026-10-02T17:34:19	mesh-full	hy3d	385.3	32.3	1	$M3D_OUT/roster/08-umbrella-robot/concept-zimage-turbo-s42-hy3d-full.glb
2026-10-02T17:34:30	post-visionos	blender-cpu	10.0	1.6	1	$M3D_OUT/roster/08-umbrella-robot/concept-zimage-turbo-s42-hy3d-full-visionos/concept-zimage-turbo-s42-hy3d-full_LOD0.glb
2026-10-02T17:35:00	concept	zimage-turbo	30.0	22.0	1	$M3D_OUT/roster/09-acorn-robot/concept-zimage-turbo-s42.png
2026-10-02T17:37:46	mesh-full	hy3d	165.2	32.2	1	$M3D_OUT/roster/09-acorn-robot/concept-zimage-turbo-s42-hy3d-full.glb
2026-10-02T17:37:56	post-visionos	blender-cpu	10.0	1.6	1	$M3D_OUT/roster/09-acorn-robot/concept-zimage-turbo-s42-hy3d-full-visionos/concept-zimage-turbo-s42-hy3d-full_LOD0.glb
2026-10-02T17:38:22	concept	zimage-turbo	25.0	22.0	1	$M3D_OUT/roster/10-mushroom-robot/concept-zimage-turbo-s42.png
2026-10-02T17:42:18	mesh-full	hy3d	235.2	32.3	1	$M3D_OUT/roster/10-mushroom-robot/concept-zimage-turbo-s42-hy3d-full.glb
2026-10-02T17:42:28	post-visionos	blender-cpu	10.0	1.6	1	$M3D_OUT/roster/10-mushroom-robot/concept-zimage-turbo-s42-hy3d-full-visionos/concept-zimage-turbo-s42-hy3d-full_LOD0.glb
2026-10-02T17:43:57	concept	zimage-turbo	30.0	22.0	1	$M3D_OUT/roster/11-bonsai-robot/concept-zimage-turbo-s42.png
2026-10-02T17:46:38	mesh-full	hy3d	160.1	32.2	1	$M3D_OUT/roster/11-bonsai-robot/concept-zimage-turbo-s42-hy3d-full.glb
2026-10-02T17:46:48	post-visionos	blender-cpu	10.0	1.6	1	$M3D_OUT/roster/11-bonsai-robot/concept-zimage-turbo-s42-hy3d-full-visionos/concept-zimage-turbo-s42-hy3d-full_LOD0.glb
2026-10-02T17:47:19	concept	zimage-turbo	30.0	22.0	1	$M3D_OUT/roster/12-typewriter-robot/concept-zimage-turbo-s42.png
2026-10-02T17:54:10	mesh-full	hy3d	410.4	32.5	1	$M3D_OUT/roster/12-typewriter-robot/concept-zimage-turbo-s42-hy3d-full.glb
2026-10-02T17:54:26	post-visionos	blender-cpu	15.0	1.9	1	$M3D_OUT/roster/12-typewriter-robot/concept-zimage-turbo-s42-hy3d-full-visionos/concept-zimage-turbo-s42-hy3d-full_LOD0.glb
2026-10-02T17:54:51	concept	zimage-turbo	25.0	22.0	1	$M3D_OUT/roster/13-cassette-robot/concept-zimage-turbo-s42.png
2026-10-02T18:00:07	mesh-full	hy3d	315.3	32.2	1	$M3D_OUT/roster/13-cassette-robot/concept-zimage-turbo-s42-hy3d-full.glb
2026-10-02T18:00:18	post-visionos	blender-cpu	10.0	1.6	1	$M3D_OUT/roster/13-cassette-robot/concept-zimage-turbo-s42-hy3d-full-visionos/concept-zimage-turbo-s42-hy3d-full_LOD0.glb
2026-10-02T18:01:56	concept	zimage-turbo	30.0	22.0	1	$M3D_OUT/roster/14-ink-bottle-robot/concept-zimage-turbo-s42.png
2026-10-02T18:05:12	mesh-full	hy3d	195.1	32.3	1	$M3D_OUT/roster/14-ink-bottle-robot/concept-zimage-turbo-s42-hy3d-full.glb
2026-10-02T18:05:23	post-visionos	blender-cpu	10.0	1.5	1	$M3D_OUT/roster/14-ink-bottle-robot/concept-zimage-turbo-s42-hy3d-full-visionos-glass/concept-zimage-turbo-s42-hy3d-full_LOD0.glb
2026-10-02T18:05:48	concept	zimage-turbo	25.0	22.0	1	$M3D_OUT/roster/15-lighthouse-robot/concept-zimage-turbo-s42.png
2026-10-02T18:08:24	mesh-full	hy3d	155.1	32.2	1	$M3D_OUT/roster/15-lighthouse-robot/concept-zimage-turbo-s42-hy3d-full.glb
2026-10-02T18:08:35	post-visionos	blender-cpu	10.0	1.5	1	$M3D_OUT/roster/15-lighthouse-robot/concept-zimage-turbo-s42-hy3d-full-visionos-glass/concept-zimage-turbo-s42-hy3d-full_LOD0.glb
2026-10-02T18:09:00	concept	zimage-turbo	25.0	22.0	1	$M3D_OUT/roster/16-penguin-lantern-robot/concept-zimage-turbo-s42.png
2026-10-02T18:11:41	mesh-full	hy3d	160.2	32.2	1	$M3D_OUT/roster/16-penguin-lantern-robot/concept-zimage-turbo-s42-hy3d-full.glb
2026-10-02T18:11:51	post-visionos	blender-cpu	10.0	1.6	1	$M3D_OUT/roster/16-penguin-lantern-robot/concept-zimage-turbo-s42-hy3d-full-visionos-glass/concept-zimage-turbo-s42-hy3d-full_LOD0.glb
2026-10-02T18:13:21	concept	zimage-turbo	25.0	22.0	1	$M3D_OUT/roster/17-nautilus-robot/concept-zimage-turbo-s42.png
2026-10-02T18:17:37	mesh-full	hy3d	255.4	32.3	1	$M3D_OUT/roster/17-nautilus-robot/concept-zimage-turbo-s42-hy3d-full.glb
2026-10-02T18:17:48	post-visionos	blender-cpu	10.0	1.6	1	$M3D_OUT/roster/17-nautilus-robot/concept-zimage-turbo-s42-hy3d-full-visionos/concept-zimage-turbo-s42-hy3d-full_LOD0.glb
2026-10-02T18:18:13	concept	zimage-turbo	25.0	22.0	1	$M3D_OUT/roster/18-kite-robot/concept-zimage-turbo-s42.png
2026-10-02T18:20:34	mesh-full	hy3d	140.2	32.3	1	$M3D_OUT/roster/18-kite-robot/concept-zimage-turbo-s42-hy3d-full.glb
2026-10-02T18:20:44	post-visionos	blender-cpu	10.0	1.5	1	$M3D_OUT/roster/18-kite-robot/concept-zimage-turbo-s42-hy3d-full-visionos/concept-zimage-turbo-s42-hy3d-full_LOD0.glb
2026-10-02T19:50:25	rig	skintokens-metal	42.4	1.5	1	$M3D_OUT/rig-dev/07-lamp-robot/skintokens/lamp-skintokens-raw.glb
2026-10-02T19:51:24	rig	skintokens-metal	31.7	1.5	1	$M3D_OUT/rig-dev/knight/skintokens/knight-skintokens-raw.glb
2026-10-02T19:52:12	rig	skintokens-metal	47.5	1.5	1	$M3D_OUT/rig-dev/05-teapot-robot/skintokens/05-teapot-robot-skintokens-raw.glb
2026-10-02T20:38:53	rig	puppet	5.0	0.5	1	$M3D_OUT/rig-dev/wiring/lamp/concept-zimage-turbo-s42-hy3d-full_LOD0-rigged.glb
2026-10-02T20:38:58	rigplot	rigplot	5.0	0.3	1	$M3D_OUT/rig-dev/wiring/lamp/concept-zimage-turbo-s42-hy3d-full_LOD0-rigged-rigplot.png
2026-10-02T20:39:04	rig	skintokens-graft	5.0	0.1	1	$M3D_OUT/rig-dev/wiring/knight/skintokens/concept-zimage-turbo-s7-hunyuan21-rig-full_LOD0-rigged.glb
2026-10-02T20:39:09	roles	roles	5.0	0.1	1	$M3D_OUT/rig-dev/wiring/knight/skintokens/concept-zimage-turbo-s7-hunyuan21-rig-full_LOD0-rigged.roles.json
2026-10-02T20:39:14	weightfix	weightfix	5.0	0.2	1	$M3D_OUT/rig-dev/wiring/knight/concept-zimage-turbo-s7-hunyuan21-rig-full_LOD0-rigged.glb
2026-10-02T20:39:19	rigplot	rigplot	5.0	0.3	1	$M3D_OUT/rig-dev/wiring/knight/concept-zimage-turbo-s7-hunyuan21-rig-full_LOD0-rigged-rigplot.png
2026-10-02T20:39:38	anim	procedural	5.0	0.7	1	$M3D_OUT/rig-dev/wiring/lamp/anim/concept-zimage-turbo-s42-hy3d-full_LOD0-rigged.all.glb
2026-10-02T20:39:44	animcheck	animcheck	5.0	0.1	0	$M3D_OUT/rig-dev/wiring/lamp/anim/concept-zimage-turbo-s42-hy3d-full_LOD0-rigged.idle-animcheck.json
2026-10-02T20:39:54	motion	momask	10.0	3.4	1	$M3D_OUT/rig-dev/wiring/knight/anim/momask/a-person-waves-hello-with-their-right-hand.bvh
2026-10-02T20:39:59	retarget	retarget	5.0	0.8	1	$M3D_OUT/rig-dev/wiring/knight/anim/concept-zimage-turbo-s7-hunyuan21-rig-full_LOD0-rigged.a-person-waves-hello-with-their-right-hand.glb
2026-10-02T20:40:04	animcheck	animcheck	5.0	0.4	1	$M3D_OUT/rig-dev/wiring/knight/anim/concept-zimage-turbo-s7-hunyuan21-rig-full_LOD0-rigged.a-person-waves-hello-with-their-right-hand-animcheck.json
2026-10-02T20:41:11	anim	procedural	5.0	0.7	1	$M3D_OUT/rig-dev/wiring/lamp/anim/concept-zimage-turbo-s42-hy3d-full_LOD0-rigged.all.glb
2026-10-02T20:41:17	animcheck	animcheck	5.0	0.1	0	$M3D_OUT/rig-dev/wiring/lamp/anim/concept-zimage-turbo-s42-hy3d-full_LOD0-rigged.idle-animcheck.json
2026-10-02T20:41:22	animcheck	animcheck	5.0	0.1	0	$M3D_OUT/rig-dev/wiring/lamp/anim/concept-zimage-turbo-s42-hy3d-full_LOD0-rigged.wave-animcheck.json
2026-10-02T20:41:27	animcheck	animcheck	5.0	0.1	0	$M3D_OUT/rig-dev/wiring/lamp/anim/concept-zimage-turbo-s42-hy3d-full_LOD0-rigged.hop-animcheck.json
2026-10-02T20:41:32	anim	procedural	5.0	0.7	1	$M3D_OUT/rig-dev/wiring/lamp/anim/concept-zimage-turbo-s42-hy3d-full_LOD0-rigged.all.glb
2026-10-02T20:41:37	animcheck	animcheck	5.0	0.1	0	$M3D_OUT/rig-dev/wiring/lamp/anim/concept-zimage-turbo-s42-hy3d-full_LOD0-rigged.idle-animcheck.json
2026-10-02T20:42:10	anim	procedural	5.0	0.7	1	$M3D_OUT/rig-dev/wiring/lamp/anim/concept-zimage-turbo-s42-hy3d-full_LOD0-rigged.all.glb
2026-10-02T20:42:15	animcheck	animcheck	5.0	0.1	0	$M3D_OUT/rig-dev/wiring/lamp/anim/concept-zimage-turbo-s42-hy3d-full_LOD0-rigged.idle-animcheck.json
2026-10-02T20:45:42	rig	skintokens-metal	50.1	1.4	1	$M3D_OUT/rig-dev/wiring/teapot/skintokens/concept-zimage-turbo-s42-hy3d-full_LOD0-rigged.glb
2026-10-02T20:45:47	roles	roles	5.0	0.1	1	$M3D_OUT/rig-dev/wiring/teapot/skintokens/concept-zimage-turbo-s42-hy3d-full_LOD0-rigged.roles.json
2026-10-02T20:45:52	weightfix	weightfix	5.0	0.4	1	$M3D_OUT/rig-dev/wiring/teapot/concept-zimage-turbo-s42-hy3d-full_LOD0-rigged.glb
2026-10-02T20:45:57	rigplot	rigplot	5.0	0.3	1	$M3D_OUT/rig-dev/wiring/teapot/concept-zimage-turbo-s42-hy3d-full_LOD0-rigged-rigplot.png
2026-10-02T20:49:58	anim	procedural	5.0	0.5	1	$M3D_OUT/rig-dev/wiring/teapot/anim/concept-zimage-turbo-s42-hy3d-full_LOD0-rigged.all.glb
2026-10-02T20:54:30	rig	skintokens-graft	5.0	0.1	1	$M3D_OUT/rig-dev/wiring/knight2/skintokens/concept-zimage-turbo-s7-hunyuan21-rig-full_LOD0-rigged.glb
2026-10-02T20:54:35	roles	roles	5.0	0.1	1	$M3D_OUT/rig-dev/wiring/knight2/skintokens/concept-zimage-turbo-s7-hunyuan21-rig-full_LOD0-rigged.roles.json
2026-10-02T20:54:40	weightfix	weightfix-rip	5.0	0.2	1	$M3D_OUT/rig-dev/wiring/knight2/concept-zimage-turbo-s7-hunyuan21-rig-full_LOD0-rigged.glb
2026-10-02T20:54:45	rigplot	rigplot	5.0	0.3	1	$M3D_OUT/rig-dev/wiring/knight2/concept-zimage-turbo-s7-hunyuan21-rig-full_LOD0-rigged-rigplot.png
2026-10-02T20:55:09	motion	momask	10.0	3.4	1	$M3D_OUT/rig-dev/wiring/knight2/anim/momask/a-person-waves-hello-with-their-right-hand.bvh
2026-10-02T20:55:14	retarget	retarget	5.0	0.8	1	$M3D_OUT/rig-dev/wiring/knight2/anim/concept-zimage-turbo-s7-hunyuan21-rig-full_LOD0-rigged.a-person-waves-hello-with-their-right-hand.glb
2026-10-02T20:55:19	animcheck	animcheck	5.0	0.2	0	$M3D_OUT/rig-dev/wiring/knight2/anim/concept-zimage-turbo-s7-hunyuan21-rig-full_LOD0-rigged.a-person-waves-hello-with-their-right-hand-animcheck.json
2026-10-02T20:57:06	anim	procedural	5.0	0.7	1	$M3D_OUT/rig-dev/wiring/lamp/anim/concept-zimage-turbo-s42-hy3d-full_LOD0-rigged.all.glb
2026-10-02T20:57:16	animcheck	animcheck	10.0	0.4	1	$M3D_OUT/rig-dev/wiring/lamp/anim/concept-zimage-turbo-s42-hy3d-full_LOD0-rigged.idle-animcheck.json
2026-10-02T20:57:24	motion	momask	10.0	3.4	1	$M3D_OUT/rig-dev/wiring/knight2/anim/momask/a-person-waves-hello-with-their-right-hand.bvh
2026-10-02T20:57:26	animcheck	animcheck	10.0	0.4	1	$M3D_OUT/rig-dev/wiring/lamp/anim/concept-zimage-turbo-s42-hy3d-full_LOD0-rigged.wave-animcheck.json
2026-10-02T20:57:29	retarget	retarget	5.0	0.8	1	$M3D_OUT/rig-dev/wiring/knight2/anim/concept-zimage-turbo-s7-hunyuan21-rig-full_LOD0-rigged.a-person-waves-hello-with-their-right-hand.glb
2026-10-02T20:57:34	animcheck	animcheck	5.0	0.4	1	$M3D_OUT/rig-dev/wiring/knight2/anim/concept-zimage-turbo-s7-hunyuan21-rig-full_LOD0-rigged.a-person-waves-hello-with-their-right-hand-animcheck.json
2026-10-02T20:57:36	animcheck	animcheck	10.0	0.4	1	$M3D_OUT/rig-dev/wiring/lamp/anim/concept-zimage-turbo-s42-hy3d-full_LOD0-rigged.hop-animcheck.json
2026-10-02T20:58:18	anim	procedural	5.0	0.7	1	$M3D_OUT/rig-dev/wiring/lamp/anim/concept-zimage-turbo-s42-hy3d-full_LOD0-rigged.all.glb
2026-10-02T20:58:28	animcheck	animcheck	10.0	0.4	1	$M3D_OUT/rig-dev/wiring/lamp/anim/concept-zimage-turbo-s42-hy3d-full_LOD0-rigged.idle-animcheck.json
2026-10-02T20:58:38	animcheck	animcheck	10.0	0.4	1	$M3D_OUT/rig-dev/wiring/lamp/anim/concept-zimage-turbo-s42-hy3d-full_LOD0-rigged.wave-animcheck.json
2026-10-02T20:58:55	motion	momask	10.0	3.4	1	$M3D_OUT/rig-dev/wiring/knight2/anim/momask/a-person-waves-hello-with-their-right-hand.bvh
2026-10-02T20:59:00	retarget	retarget	5.0	0.8	1	$M3D_OUT/rig-dev/wiring/knight2/anim/concept-zimage-turbo-s7-hunyuan21-rig-full_LOD0-rigged.a-person-waves-hello-with-their-right-hand.glb
2026-10-02T20:59:05	animcheck	animcheck	5.0	0.4	1	$M3D_OUT/rig-dev/wiring/knight2/anim/concept-zimage-turbo-s7-hunyuan21-rig-full_LOD0-rigged.a-person-waves-hello-with-their-right-hand-animcheck.json
2026-10-02T20:59:10	motion	momask	10.0	3.4	1	$M3D_OUT/rig-dev/wiring/knight2/anim/momask/a-person-waves-hello-with-their-right-hand.bvh
2026-10-02T20:59:12	anim	procedural	5.0	0.7	1	$M3D_OUT/rig-dev/wiring/teapot/anim/concept-zimage-turbo-s42-hy3d-full_LOD0-rigged.all.glb
2026-10-02T20:59:15	retarget	retarget	5.0	0.8	1	$M3D_OUT/rig-dev/wiring/knight2/anim/concept-zimage-turbo-s7-hunyuan21-rig-full_LOD0-rigged.a-person-waves-hello-with-their-right-hand.glb
2026-10-02T20:59:20	animcheck	animcheck	5.0	0.4	1	$M3D_OUT/rig-dev/wiring/knight2/anim/concept-zimage-turbo-s7-hunyuan21-rig-full_LOD0-rigged.a-person-waves-hello-with-their-right-hand-animcheck.json
2026-10-02T20:59:27	animcheck	animcheck	15.0	0.8	1	$M3D_OUT/rig-dev/wiring/teapot/anim/concept-zimage-turbo-s42-hy3d-full_LOD0-rigged.idle-animcheck.json
2026-10-02T20:59:42	animcheck	animcheck	15.0	0.6	1	$M3D_OUT/rig-dev/wiring/teapot/anim/concept-zimage-turbo-s42-hy3d-full_LOD0-rigged.hop-animcheck.json
2026-10-02T22:29:57	rig	puppet	5.0	0.5	1	$M3D_OUT/roster/07-lamp-robot/concept-zimage-turbo-s42-hy3d-full-visionos/rig/concept-zimage-turbo-s42-hy3d-full_LOD0-rigged.glb
2026-10-02T22:30:02	rigplot	rigplot	5.0	0.3	1	$M3D_OUT/roster/07-lamp-robot/concept-zimage-turbo-s42-hy3d-full-visionos/rig/concept-zimage-turbo-s42-hy3d-full_LOD0-rigged-rigplot.png
2026-10-02T22:30:52	rig	puppet	5.0	0.5	1	$M3D_OUT/roster/07-lamp-robot/concept-zimage-turbo-s42-hy3d-full-visionos/rig/concept-zimage-turbo-s42-hy3d-full_LOD0-rigged.glb
2026-10-02T22:30:57	rigplot	rigplot	5.0	0.3	1	$M3D_OUT/roster/07-lamp-robot/concept-zimage-turbo-s42-hy3d-full-visionos/rig/concept-zimage-turbo-s42-hy3d-full_LOD0-rigged-rigplot.png
2026-10-02T22:31:08	anim	procedural	5.0	0.7	1	$M3D_OUT/roster/07-lamp-robot/concept-zimage-turbo-s42-hy3d-full-visionos/rig/anim/concept-zimage-turbo-s42-hy3d-full_LOD0-rigged.all.glb
2026-10-02T22:31:18	animcheck	animcheck	10.0	0.4	1	$M3D_OUT/roster/07-lamp-robot/concept-zimage-turbo-s42-hy3d-full-visionos/rig/anim/concept-zimage-turbo-s42-hy3d-full_LOD0-rigged.wave-animcheck.json
2026-10-02T22:31:28	animcheck	animcheck	10.0	0.4	1	$M3D_OUT/roster/07-lamp-robot/concept-zimage-turbo-s42-hy3d-full-visionos/rig/anim/concept-zimage-turbo-s42-hy3d-full_LOD0-rigged.hop-animcheck.json
2026-10-02T22:56:05	anim	procedural	5.0	0.7	1	$M3D_OUT/rig-dev/wiring/lamp/anim/concept-zimage-turbo-s42-hy3d-full_LOD0-rigged.all.glb
2026-10-02T22:56:16	animcheck	animcheck	10.0	0.4	1	$M3D_OUT/rig-dev/wiring/lamp/anim/concept-zimage-turbo-s42-hy3d-full_LOD0-rigged.hop-animcheck.json
2026-10-02T22:56:26	animcheck	animcheck	10.0	0.4	1	$M3D_OUT/rig-dev/wiring/lamp/anim/concept-zimage-turbo-s42-hy3d-full_LOD0-rigged.idle-animcheck.json
2026-10-02T22:56:57	motion	momask	10.0	3.4	1	$M3D_OUT/rig-dev/wiring/knight2/anim/momask/a-person-jumps-up-and-down.bvh
2026-10-02T22:57:02	retarget	retarget	5.0	0.8	1	$M3D_OUT/rig-dev/wiring/knight2/anim/concept-zimage-turbo-s7-hunyuan21-rig-full_LOD0-rigged.a-person-jumps-up-and-down.glb
2026-10-02T22:57:07	animcheck	animcheck	5.0	0.5	1	$M3D_OUT/rig-dev/wiring/knight2/anim/concept-zimage-turbo-s7-hunyuan21-rig-full_LOD0-rigged.a-person-jumps-up-and-down-animcheck.json
2026-10-02T23:08:45	anim	procedural	5.0	0.5	1	$M3D_OUT/vision-cast-lamp-look/anim/concept-zimage-turbo-s42-hy3d-full_LOD0-rigged.all.glb
2026-10-02T23:18:14	anim	procedural	5.0	0.5	1	$M3D_OUT/rig-dev/wiring/lamp/anim/concept-zimage-turbo-s42-hy3d-full_LOD0-rigged.all.glb
2026-10-03T00:00:12	motion	momask	10.0	3.4	1	$M3D_OUT/rig-dev/wiring/knight2/anim/momask/a-person-waves-hello-with-their-right-hand.bvh
2026-10-03T00:00:17	retarget	retarget	5.0	0.5	1	$M3D_OUT/rig-dev/wiring/knight2/anim/concept-zimage-turbo-s7-hunyuan21-rig-full_LOD0-rigged.a-person-waves-hello-with-their-right-hand.glb
2026-10-03T00:14:07	rig	puppet	5.0	0.7	1	$M3D_OUT/rig-dev/wiring/lamp/concept-zimage-turbo-s42-hy3d-full_LOD0-rigged.glb
2026-10-03T00:14:12	rigplot	rigplot	5.0	0.3	1	$M3D_OUT/rig-dev/wiring/lamp/concept-zimage-turbo-s42-hy3d-full_LOD0-rigged-rigplot.png
2026-10-03T00:14:24	anim	procedural	5.0	0.7	1	$M3D_OUT/rig-dev/wiring/lamp/anim/concept-zimage-turbo-s42-hy3d-full_LOD0-rigged.all.glb
2026-10-03T00:14:35	animcheck	animcheck	10.0	0.4	1	$M3D_OUT/rig-dev/wiring/lamp/anim/concept-zimage-turbo-s42-hy3d-full_LOD0-rigged.idle-animcheck.json
2026-10-03T00:14:45	animcheck	animcheck	10.0	0.4	1	$M3D_OUT/rig-dev/wiring/lamp/anim/concept-zimage-turbo-s42-hy3d-full_LOD0-rigged.look-animcheck.json
2026-10-03T00:14:55	animcheck	animcheck	10.0	0.4	1	$M3D_OUT/rig-dev/wiring/lamp/anim/concept-zimage-turbo-s42-hy3d-full_LOD0-rigged.wave-animcheck.json
2026-10-03T00:15:05	animcheck	animcheck	10.0	0.4	1	$M3D_OUT/rig-dev/wiring/lamp/anim/concept-zimage-turbo-s42-hy3d-full_LOD0-rigged.hop-animcheck.json
2026-10-03T00:19:49	rig	puppet	5.0	0.7	1	$M3D_OUT/rig-dev/wiring/lamp/concept-zimage-turbo-s42-hy3d-full_LOD0-rigged.glb
2026-10-03T00:19:54	rigplot	rigplot	5.0	0.3	1	$M3D_OUT/rig-dev/wiring/lamp/concept-zimage-turbo-s42-hy3d-full_LOD0-rigged-rigplot.png
2026-10-03T00:19:59	anim	procedural	5.0	0.7	1	$M3D_OUT/rig-dev/wiring/lamp/anim/concept-zimage-turbo-s42-hy3d-full_LOD0-rigged.all.glb
2026-10-03T00:20:11	animcheck	animcheck	10.0	0.4	1	$M3D_OUT/rig-dev/wiring/lamp/anim/concept-zimage-turbo-s42-hy3d-full_LOD0-rigged.idle-animcheck.json
2026-10-03T00:20:21	animcheck	animcheck	10.0	0.4	1	$M3D_OUT/rig-dev/wiring/lamp/anim/concept-zimage-turbo-s42-hy3d-full_LOD0-rigged.look-animcheck.json
2026-10-03T00:20:23	anim	procedural	5.0	0.5	1	$M3D_OUT/rig-dev/wiring/lamp/anim/concept-zimage-turbo-s42-hy3d-full_LOD0-rigged.all.glb
2026-10-03T00:20:31	animcheck	animcheck	10.0	0.5	1	$M3D_OUT/rig-dev/wiring/lamp/anim/concept-zimage-turbo-s42-hy3d-full_LOD0-rigged.wave-animcheck.json
2026-10-03T00:20:41	animcheck	animcheck	10.0	0.5	1	$M3D_OUT/rig-dev/wiring/lamp/anim/concept-zimage-turbo-s42-hy3d-full_LOD0-rigged.hop-animcheck.json
2026-10-03T00:26:15	rig	puppet	5.0	0.5	1	$M3D_OUT/rig-dev/wiring/lamp/concept-zimage-turbo-s42-hy3d-full_LOD0-rigged.glb
2026-10-03T00:26:20	rigplot	rigplot	5.0	0.3	1	$M3D_OUT/rig-dev/wiring/lamp/concept-zimage-turbo-s42-hy3d-full_LOD0-rigged-rigplot.png
2026-10-03T00:28:04	rig	puppet	5.0	0.7	1	$M3D_OUT/rig-dev/wiring/lamp/concept-zimage-turbo-s42-hy3d-full_LOD0-rigged.glb
2026-10-03T00:28:09	rigplot	rigplot	5.0	0.3	1	$M3D_OUT/rig-dev/wiring/lamp/concept-zimage-turbo-s42-hy3d-full_LOD0-rigged-rigplot.png
2026-10-03T00:28:45	rig	puppet	5.0	0.7	1	$M3D_OUT/rig-dev/wiring/lamp/concept-zimage-turbo-s42-hy3d-full_LOD0-rigged.glb
2026-10-03T00:28:50	rigplot	rigplot	5.0	0.3	1	$M3D_OUT/rig-dev/wiring/lamp/concept-zimage-turbo-s42-hy3d-full_LOD0-rigged-rigplot.png
2026-10-03T00:30:15	rig	puppet	5.0	0.7	1	$M3D_OUT/rig-dev/wiring/lamp/concept-zimage-turbo-s42-hy3d-full_LOD0-rigged.glb
2026-10-03T00:30:20	rigplot	rigplot	5.0	0.3	1	$M3D_OUT/rig-dev/wiring/lamp/concept-zimage-turbo-s42-hy3d-full_LOD0-rigged-rigplot.png
2026-10-03T00:32:44	rig	puppet	5.0	0.7	1	$M3D_OUT/rig-dev/wiring/lamp/concept-zimage-turbo-s42-hy3d-full_LOD0-rigged.glb
2026-10-03T00:32:49	rigplot	rigplot	5.0	0.3	1	$M3D_OUT/rig-dev/wiring/lamp/concept-zimage-turbo-s42-hy3d-full_LOD0-rigged-rigplot.png
2026-10-03T00:34:02	rig	puppet	5.0	0.7	1	$M3D_OUT/rig-dev/wiring/lamp/concept-zimage-turbo-s42-hy3d-full_LOD0-rigged.glb
2026-10-03T00:34:07	rigplot	rigplot	5.0	0.3	1	$M3D_OUT/rig-dev/wiring/lamp/concept-zimage-turbo-s42-hy3d-full_LOD0-rigged-rigplot.png
2026-10-03T00:34:12	anim	procedural	5.0	0.7	1	$M3D_OUT/rig-dev/wiring/lamp/anim/concept-zimage-turbo-s42-hy3d-full_LOD0-rigged.all.glb
2026-10-03T00:34:25	animcheck	animcheck	10.0	0.5	1	$M3D_OUT/rig-dev/wiring/lamp/anim/concept-zimage-turbo-s42-hy3d-full_LOD0-rigged.idle-animcheck.json
2026-10-03T00:34:35	animcheck	animcheck	10.0	0.5	1	$M3D_OUT/rig-dev/wiring/lamp/anim/concept-zimage-turbo-s42-hy3d-full_LOD0-rigged.look-animcheck.json
2026-10-03T00:34:45	animcheck	animcheck	10.0	0.4	1	$M3D_OUT/rig-dev/wiring/lamp/anim/concept-zimage-turbo-s42-hy3d-full_LOD0-rigged.wave-animcheck.json
2026-10-03T00:34:55	animcheck	animcheck	10.0	0.4	1	$M3D_OUT/rig-dev/wiring/lamp/anim/concept-zimage-turbo-s42-hy3d-full_LOD0-rigged.hop-animcheck.json
2026-10-03T01:03:28	anim	procedural	5.0	0.6	1	$M3D_OUT/rig-dev/wiring/lamp/anim/concept-zimage-turbo-s42-hy3d-full_LOD0-rigged.all.glb
2026-10-03T11:04:21	concept	zimage-turbo	30.0	22.0	1	$M3D_OUT/20261003-110348-a-tiny-cute-teddy-bear-robot-honey-coloured-plus/concept-zimage-turbo-s42.png
2026-10-03T11:04:51	concept	zimage-turbo	30.0	22.0	1	$M3D_OUT/20261003-110348-a-tiny-cute-teddy-bear-robot-honey-coloured-plus/concept-zimage-turbo-s43.png
2026-10-03T11:05:21	concept	zimage-turbo	30.0	22.0	1	$M3D_OUT/20261003-110348-a-tiny-cute-teddy-bear-robot-honey-coloured-plus/concept-zimage-turbo-s44.png
2026-10-03T11:05:46	concept	zimage-turbo	25.0	22.0	1	$M3D_OUT/20261003-110348-a-tiny-cute-teddy-bear-robot-honey-coloured-plus/concept-zimage-turbo-s45.png
2026-10-03T11:10:01	mesh-full	hy3d	185.2	32.2	1	$M3D_OUT/20261003-110348-a-tiny-cute-teddy-bear-robot-honey-coloured-plus/concept-zimage-turbo-s44-hy3d-full.glb
2026-10-03T11:10:17	post-visionos	blender-cpu	15.0	1.5	1	$M3D_OUT/20261003-110348-a-tiny-cute-teddy-bear-robot-honey-coloured-plus/concept-zimage-turbo-s44-hy3d-full-visionos/concept-zimage-turbo-s44-hy3d-full_LOD0.glb
2026-10-03T11:12:09	rig	skintokens-metal	45.0	1.4	1	$M3D_OUT/20261003-110348-a-tiny-cute-teddy-bear-robot-honey-coloured-plus/concept-zimage-turbo-s44-hy3d-full-visionos/rig/skintokens/concept-zimage-turbo-s44-hy3d-full_LOD0-rigged.glb
2026-10-03T11:12:14	roles	roles	5.0	0.1	1	$M3D_OUT/20261003-110348-a-tiny-cute-teddy-bear-robot-honey-coloured-plus/concept-zimage-turbo-s44-hy3d-full-visionos/rig/skintokens/concept-zimage-turbo-s44-hy3d-full_LOD0-rigged.roles.json
2026-10-03T11:12:19	weightfix	weightfix-rip	5.0	0.3	1	$M3D_OUT/20261003-110348-a-tiny-cute-teddy-bear-robot-honey-coloured-plus/concept-zimage-turbo-s44-hy3d-full-visionos/rig/concept-zimage-turbo-s44-hy3d-full_LOD0-rigged.glb
2026-10-03T11:12:24	rigplot	rigplot	5.0	0.3	1	$M3D_OUT/20261003-110348-a-tiny-cute-teddy-bear-robot-honey-coloured-plus/concept-zimage-turbo-s44-hy3d-full-visionos/rig/concept-zimage-turbo-s44-hy3d-full_LOD0-rigged-rigplot.png
2026-10-03T11:13:42	anim	procedural	5.0	0.0	0	$M3D_OUT/20261003-110348-a-tiny-cute-teddy-bear-robot-honey-coloured-plus/concept-zimage-turbo-s44-hy3d-full-visionos/rig/anim/concept-zimage-turbo-s44-hy3d-full_LOD0-rigged.all.glb
2026-10-03T11:14:39	anim	procedural	5.0	0.0	0	$M3D_OUT/20261003-110348-a-tiny-cute-teddy-bear-robot-honey-coloured-plus/concept-zimage-turbo-s44-hy3d-full-visionos/rig/anim/concept-zimage-turbo-s44-hy3d-full_LOD0-rigged.all.glb
2026-10-03T11:16:49	concept	zimage-turbo	30.0	22.0	1	$M3D_OUT/20261003-111617-a-small-red-dot-on-a-white-background/concept-zimage-turbo-s42.png
2026-10-03T11:16:55	anim	procedural	5.0	0.7	1	$M3D_OUT/20261003-110348-a-tiny-cute-teddy-bear-robot-honey-coloured-plus/concept-zimage-turbo-s44-hy3d-full-visionos/rig/anim/concept-zimage-turbo-s44-hy3d-full_LOD0-rigged.all.glb
2026-10-03T11:17:06	animcheck	animcheck	10.0	0.4	1	$M3D_OUT/20261003-110348-a-tiny-cute-teddy-bear-robot-honey-coloured-plus/concept-zimage-turbo-s44-hy3d-full-visionos/rig/anim/concept-zimage-turbo-s44-hy3d-full_LOD0-rigged.wave-animcheck.json
2026-10-03T11:17:16	animcheck	animcheck	10.0	0.5	1	$M3D_OUT/20261003-110348-a-tiny-cute-teddy-bear-robot-honey-coloured-plus/concept-zimage-turbo-s44-hy3d-full-visionos/rig/anim/concept-zimage-turbo-s44-hy3d-full_LOD0-rigged.hop-animcheck.json
2026-10-03T11:19:45	concept	zimage-turbo	30.0	22.0	1	$M3D_OUT/20261003-111905-a-small-blue-dot-on-a-white-background/concept-zimage-turbo-s42.png
2026-10-03T11:19:56	motion	momask	10.0	3.4	1	$M3D_OUT/20261003-110348-a-tiny-cute-teddy-bear-robot-honey-coloured-plus/concept-zimage-turbo-s44-hy3d-full-visionos/rig/anim/momask/a-cute-character-bends-its-knees-crouches-down-t.bvh
2026-10-03T11:20:01	retarget	retarget	5.0	0.8	1	$M3D_OUT/20261003-110348-a-tiny-cute-teddy-bear-robot-honey-coloured-plus/concept-zimage-turbo-s44-hy3d-full-visionos/rig/anim/concept-zimage-turbo-s44-hy3d-full_LOD0-rigged.a-cute-character-bends-its-knees-crouches-down-t.glb
2026-10-03T11:20:12	animcheck	animcheck	10.0	0.5	1	$M3D_OUT/20261003-110348-a-tiny-cute-teddy-bear-robot-honey-coloured-plus/concept-zimage-turbo-s44-hy3d-full-visionos/rig/anim/concept-zimage-turbo-s44-hy3d-full_LOD0-rigged.a-cute-character-bends-its-knees-crouches-down-t-animcheck.json
2026-10-03T11:21:31	concept	zimage-turbo	30.0	22.0	1	$M3D_OUT/20261003-112050-a-small-green-dot-on-a-white-background/concept-zimage-turbo-s42.png
2026-10-03T11:21:36	anim	procedural	5.0	0.7	1	$M3D_OUT/20261003-110348-a-tiny-cute-teddy-bear-robot-honey-coloured-plus/concept-zimage-turbo-s44-hy3d-full-visionos/rig/anim/concept-zimage-turbo-s44-hy3d-full_LOD0-rigged.all.glb
2026-10-03T11:21:47	animcheck	animcheck	10.0	0.4	1	$M3D_OUT/20261003-110348-a-tiny-cute-teddy-bear-robot-honey-coloured-plus/concept-zimage-turbo-s44-hy3d-full-visionos/rig/anim/concept-zimage-turbo-s44-hy3d-full_LOD0-rigged.hop-animcheck.json
2026-10-03T11:23:21	concept	zimage-turbo	30.0	22.0	1	$M3D_OUT/20261003-112248-a-small-yellow-dot-on-a-white-background/concept-zimage-turbo-s42.png
2026-10-03T11:23:26	anim	procedural	5.0	0.7	1	$M3D_OUT/20261003-110348-a-tiny-cute-teddy-bear-robot-honey-coloured-plus/concept-zimage-turbo-s44-hy3d-full-visionos/rig/anim/concept-zimage-turbo-s44-hy3d-full_LOD0-rigged.all.glb
2026-10-03T11:23:37	animcheck	animcheck	10.0	0.5	1	$M3D_OUT/20261003-110348-a-tiny-cute-teddy-bear-robot-honey-coloured-plus/concept-zimage-turbo-s44-hy3d-full-visionos/rig/anim/concept-zimage-turbo-s44-hy3d-full_LOD0-rigged.hop-animcheck.json
2026-10-03T11:28:26	rig	puppet	5.0	0.5	1	$M3D_OUT/teddy-fix-2026-10-03/puppet-auto/concept-zimage-turbo-s44-hy3d-full_LOD0-rigged.glb
2026-10-03T11:28:31	rigplot	rigplot	5.0	0.3	1	$M3D_OUT/teddy-fix-2026-10-03/puppet-auto/concept-zimage-turbo-s44-hy3d-full_LOD0-rigged-rigplot.png
2026-10-03T11:34:22	anim	procedural	5.0	0.7	1	$M3D_OUT/teddy-fix-2026-10-03/motion-v1/anim/concept-zimage-turbo-s44-hy3d-full_LOD0-rigged.all.glb
2026-10-03T11:34:32	animcheck	animcheck	10.0	0.4	1	$M3D_OUT/teddy-fix-2026-10-03/motion-v1/anim/concept-zimage-turbo-s44-hy3d-full_LOD0-rigged.wave-animcheck.json
2026-10-03T11:34:42	animcheck	animcheck	10.0	1.0	1	$M3D_OUT/teddy-fix-2026-10-03/motion-v1/anim/concept-zimage-turbo-s44-hy3d-full_LOD0-rigged.hop-animcheck.json
2026-10-03T11:35:56	anim	procedural	5.0	0.7	1	$M3D_OUT/teddy-fix-2026-10-03/motion-v2/anim/concept-zimage-turbo-s44-hy3d-full_LOD0-rigged.all.glb
2026-10-03T11:36:06	animcheck	animcheck	10.0	0.5	1	$M3D_OUT/teddy-fix-2026-10-03/motion-v2/anim/concept-zimage-turbo-s44-hy3d-full_LOD0-rigged.wave-animcheck.json
2026-10-03T11:36:16	animcheck	animcheck	10.0	1.0	1	$M3D_OUT/teddy-fix-2026-10-03/motion-v2/anim/concept-zimage-turbo-s44-hy3d-full_LOD0-rigged.hop-animcheck.json
2026-10-03T11:38:48	rig	skintokens-graft	5.0	0.1	1	$M3D_OUT/teddy-fix-2026-10-03/rig-fromraw/skintokens/concept-zimage-turbo-s44-hy3d-full_LOD0-rigged.glb
2026-10-03T11:38:53	roles	roles	5.0	0.1	1	$M3D_OUT/teddy-fix-2026-10-03/rig-fromraw/skintokens/concept-zimage-turbo-s44-hy3d-full_LOD0-rigged.roles.json
2026-10-03T11:38:58	weightfix	weightfix-rip	5.0	0.2	1	$M3D_OUT/teddy-fix-2026-10-03/rig-fromraw/concept-zimage-turbo-s44-hy3d-full_LOD0-rigged.glb
2026-10-03T11:39:03	rigplot	rigplot	5.0	0.3	1	$M3D_OUT/teddy-fix-2026-10-03/rig-fromraw/concept-zimage-turbo-s44-hy3d-full_LOD0-rigged-rigplot.png
2026-10-03T11:39:08	rigstress	rigstress	5.0	0.2	1	$M3D_OUT/teddy-fix-2026-10-03/rig-fromraw/concept-zimage-turbo-s44-hy3d-full_LOD0-rigged-rigstress.json
2026-10-03T11:40:07	anim	procedural	5.0	0.7	1	$M3D_OUT/teddy-fix-2026-10-03/lamp-regress/anim/concept-zimage-turbo-s42-hy3d-full_LOD0-rigged.all.glb
2026-10-03T11:40:17	animcheck	animcheck	10.0	0.5	1	$M3D_OUT/teddy-fix-2026-10-03/lamp-regress/anim/concept-zimage-turbo-s42-hy3d-full_LOD0-rigged.wave-animcheck.json
2026-10-03T11:40:27	animcheck	animcheck	10.0	0.4	1	$M3D_OUT/teddy-fix-2026-10-03/lamp-regress/anim/concept-zimage-turbo-s42-hy3d-full_LOD0-rigged.hop-animcheck.json
2026-10-03T11:40:53	anim	procedural	5.0	0.7	1	$M3D_OUT/teddy-fix-2026-10-03/lamp-regress2/anim/concept-zimage-turbo-s42-hy3d-full_LOD0-rigged.all.glb
2026-10-03T11:41:03	animcheck	animcheck	10.0	0.5	1	$M3D_OUT/teddy-fix-2026-10-03/lamp-regress2/anim/concept-zimage-turbo-s42-hy3d-full_LOD0-rigged.wave-animcheck.json
2026-10-03T11:50:16	concept	zimage-turbo	25.0	22.0	1	$M3D_OUT/teddy-fix-2026-10-03/apose/concept-zimage-turbo-s42.png
2026-10-03T11:50:41	concept	zimage-turbo	25.0	22.0	1	$M3D_OUT/teddy-fix-2026-10-03/apose/concept-zimage-turbo-s43.png
2026-10-03T11:51:06	concept	zimage-turbo	25.0	22.0	1	$M3D_OUT/teddy-fix-2026-10-03/apose/concept-zimage-turbo-s44.png
2026-10-03T11:51:31	concept	zimage-turbo	25.0	22.0	1	$M3D_OUT/teddy-fix-2026-10-03/apose/concept-zimage-turbo-s45.png
2026-10-03T11:54:16	mesh-full	hy3d	145.1	32.5	1	$M3D_OUT/teddy-fix-2026-10-03/apose/concept-zimage-turbo-s43-hy3d-full.glb
2026-10-03T11:54:27	post-visionos	blender-cpu	10.0	1.5	1	$M3D_OUT/teddy-fix-2026-10-03/apose/concept-zimage-turbo-s43-hy3d-full-visionos/concept-zimage-turbo-s43-hy3d-full_LOD0.glb
2026-10-03T11:55:07	rig	skintokens-metal	35.0	1.4	1	$M3D_OUT/teddy-fix-2026-10-03/apose/concept-zimage-turbo-s43-hy3d-full-visionos/rig/skintokens/concept-zimage-turbo-s43-hy3d-full_LOD0-rigged.glb
2026-10-03T11:55:12	roles	roles	5.0	0.1	1	$M3D_OUT/teddy-fix-2026-10-03/apose/concept-zimage-turbo-s43-hy3d-full-visionos/rig/skintokens/concept-zimage-turbo-s43-hy3d-full_LOD0-rigged.roles.json
2026-10-03T11:55:17	weightfix	weightfix-rip	5.0	0.3	1	$M3D_OUT/teddy-fix-2026-10-03/apose/concept-zimage-turbo-s43-hy3d-full-visionos/rig/concept-zimage-turbo-s43-hy3d-full_LOD0-rigged.glb
2026-10-03T11:55:22	rigplot	rigplot	5.0	0.3	1	$M3D_OUT/teddy-fix-2026-10-03/apose/concept-zimage-turbo-s43-hy3d-full-visionos/rig/concept-zimage-turbo-s43-hy3d-full_LOD0-rigged-rigplot.png
2026-10-03T11:55:27	rigstress	rigstress	5.0	0.2	1	$M3D_OUT/teddy-fix-2026-10-03/apose/concept-zimage-turbo-s43-hy3d-full-visionos/rig/concept-zimage-turbo-s43-hy3d-full_LOD0-rigged-rigstress.json
2026-10-03T11:56:59	rig	puppet	5.0	0.5	1	$M3D_OUT/teddy-fix-2026-10-03/apose-puppet/concept-zimage-turbo-s43-hy3d-full_LOD0-rigged.glb
2026-10-03T11:57:04	rigplot	rigplot	5.0	0.3	1	$M3D_OUT/teddy-fix-2026-10-03/apose-puppet/concept-zimage-turbo-s43-hy3d-full_LOD0-rigged-rigplot.png
2026-10-03T11:57:09	rigstress	rigstress	5.0	0.1	1	$M3D_OUT/teddy-fix-2026-10-03/apose-puppet/concept-zimage-turbo-s43-hy3d-full_LOD0-rigged-rigstress.json
2026-10-03T12:00:05	posecheck	posecheck	5.0	0.1	0	(scratch)
2026-10-03T12:00:22	posecheck	posecheck	5.0	0.1	1	(scratch)
2026-10-03T12:01:15	anim	procedural	5.0	0.7	1	(scratch)
2026-10-03T12:01:25	animcheck	animcheck	10.0	0.4	1	(scratch)
2026-10-03T12:01:35	animcheck	animcheck	10.0	0.4	1	(scratch)
2026-10-03T12:01:45	animcheck	animcheck	10.0	0.5	1	(scratch)
2026-10-03T12:01:50	anim	procedural	5.0	0.8	1	(scratch)
2026-10-03T12:02:00	animcheck	animcheck	10.0	0.4	1	(scratch)
2026-10-03T12:02:10	animcheck	animcheck	10.0	1.0	1	(scratch)
2026-10-03T12:02:20	animcheck	animcheck	10.0	0.5	1	(scratch)
2026-10-03T12:02:43	anim	procedural	5.0	0.7	1	$M3D_OUT/teddy-fix-2026-10-03/apose-anim/anim/concept-zimage-turbo-s43-hy3d-full_LOD0-rigged.all.glb
2026-10-03T12:02:54	animcheck	animcheck	10.0	0.4	1	$M3D_OUT/teddy-fix-2026-10-03/apose-anim/anim/concept-zimage-turbo-s43-hy3d-full_LOD0-rigged.wave-animcheck.json
2026-10-03T12:03:04	animcheck	animcheck	10.0	0.6	1	$M3D_OUT/teddy-fix-2026-10-03/apose-anim/anim/concept-zimage-turbo-s43-hy3d-full_LOD0-rigged.hop-animcheck.json
2026-10-03T12:11:39	concept	zimage-turbo	25.0	22.0	1	$M3D_OUT/teddy-fix-2026-10-03/tpose/concept-zimage-turbo-s42.png
2026-10-03T12:11:59	concept	zimage-turbo	20.0	22.0	1	$M3D_OUT/teddy-fix-2026-10-03/tpose/concept-zimage-turbo-s43.png
2026-10-03T12:12:24	concept	zimage-turbo	25.0	22.0	1	$M3D_OUT/teddy-fix-2026-10-03/tpose/concept-zimage-turbo-s44.png
2026-10-03T12:12:44	concept	zimage-turbo	20.0	22.0	1	$M3D_OUT/teddy-fix-2026-10-03/tpose/concept-zimage-turbo-s45.png
2026-10-03T12:13:09	concept	zimage-turbo	25.0	22.0	1	$M3D_OUT/teddy-fix-2026-10-03/tpose/concept-zimage-turbo-s46.png
2026-10-03T12:13:29	concept	zimage-turbo	20.0	22.0	1	$M3D_OUT/teddy-fix-2026-10-03/tpose/concept-zimage-turbo-s47.png
2026-10-03T12:13:54	concept	zimage-turbo	25.0	22.0	1	$M3D_OUT/teddy-fix-2026-10-03/tpose/concept-zimage-turbo-s48.png
2026-10-03T12:14:14	concept	zimage-turbo	20.0	22.0	1	$M3D_OUT/teddy-fix-2026-10-03/tpose/concept-zimage-turbo-s49.png
2026-10-03T12:14:22	posecheck	posecheck	5.0	0.1	1	$M3D_OUT/teddy-fix-2026-10-03/tpose/posecheck.json
2026-10-03T12:16:42	mesh-full	hy3d	140.1	32.3	1	$M3D_OUT/teddy-fix-2026-10-03/tpose/concept-zimage-turbo-s42-hy3d-full.glb
2026-10-03T12:16:53	post-visionos	blender-cpu	10.0	1.5	1	$M3D_OUT/teddy-fix-2026-10-03/tpose/concept-zimage-turbo-s42-hy3d-full-visionos/concept-zimage-turbo-s42-hy3d-full_LOD0.glb
2026-10-03T12:17:37	rig	skintokens-metal	35.0	1.4	1	$M3D_OUT/teddy-fix-2026-10-03/tpose/concept-zimage-turbo-s42-hy3d-full-visionos/rig/skintokens/concept-zimage-turbo-s42-hy3d-full_LOD0-rigged.glb
2026-10-03T12:17:42	roles	roles	5.0	0.1	1	$M3D_OUT/teddy-fix-2026-10-03/tpose/concept-zimage-turbo-s42-hy3d-full-visionos/rig/skintokens/concept-zimage-turbo-s42-hy3d-full_LOD0-rigged.roles.json
2026-10-03T12:17:47	weightfix	weightfix-rip	5.0	0.3	1	$M3D_OUT/teddy-fix-2026-10-03/tpose/concept-zimage-turbo-s42-hy3d-full-visionos/rig/concept-zimage-turbo-s42-hy3d-full_LOD0-rigged.glb
2026-10-03T12:17:52	rigplot	rigplot	5.0	0.3	1	$M3D_OUT/teddy-fix-2026-10-03/tpose/concept-zimage-turbo-s42-hy3d-full-visionos/rig/concept-zimage-turbo-s42-hy3d-full_LOD0-rigged-rigplot.png
2026-10-03T12:17:57	rigstress	rigstress	5.0	0.2	1	$M3D_OUT/teddy-fix-2026-10-03/tpose/concept-zimage-turbo-s42-hy3d-full-visionos/rig/concept-zimage-turbo-s42-hy3d-full_LOD0-rigged-rigstress.json
2026-10-03T12:18:52	rig	skintokens-graft	5.0	0.1	1	$M3D_OUT/teddy-fix-2026-10-03/ring-tpose/skintokens/concept-zimage-turbo-s42-hy3d-full_LOD0-rigged.glb
2026-10-03T12:18:57	roles	roles	5.0	0.1	1	$M3D_OUT/teddy-fix-2026-10-03/ring-tpose/skintokens/concept-zimage-turbo-s42-hy3d-full_LOD0-rigged.roles.json
2026-10-03T12:19:02	weightfix	weightfix-rip	5.0	0.3	1	$M3D_OUT/teddy-fix-2026-10-03/ring-tpose/concept-zimage-turbo-s42-hy3d-full_LOD0-rigged.glb
2026-10-03T12:19:07	rigplot	rigplot	5.0	0.3	1	$M3D_OUT/teddy-fix-2026-10-03/ring-tpose/concept-zimage-turbo-s42-hy3d-full_LOD0-rigged-rigplot.png
2026-10-03T12:19:12	rigstress	rigstress	5.0	0.2	1	$M3D_OUT/teddy-fix-2026-10-03/ring-tpose/concept-zimage-turbo-s42-hy3d-full_LOD0-rigged-rigstress.json
2026-10-03T12:19:17	rig	skintokens-graft	5.0	0.1	1	$M3D_OUT/teddy-fix-2026-10-03/ring-apose/skintokens/concept-zimage-turbo-s43-hy3d-full_LOD0-rigged.glb
2026-10-03T12:19:22	roles	roles	5.0	0.1	1	$M3D_OUT/teddy-fix-2026-10-03/ring-apose/skintokens/concept-zimage-turbo-s43-hy3d-full_LOD0-rigged.roles.json
2026-10-03T12:19:27	weightfix	weightfix-rip	5.0	0.3	1	$M3D_OUT/teddy-fix-2026-10-03/ring-apose/concept-zimage-turbo-s43-hy3d-full_LOD0-rigged.glb
2026-10-03T12:19:32	rigplot	rigplot	5.0	0.3	1	$M3D_OUT/teddy-fix-2026-10-03/ring-apose/concept-zimage-turbo-s43-hy3d-full_LOD0-rigged-rigplot.png
2026-10-03T12:19:37	rigstress	rigstress	5.0	0.2	1	$M3D_OUT/teddy-fix-2026-10-03/ring-apose/concept-zimage-turbo-s43-hy3d-full_LOD0-rigged-rigstress.json
2026-10-03T12:19:42	rig	skintokens-graft	5.0	0.1	1	$M3D_OUT/teddy-fix-2026-10-03/ring-orig/skintokens/concept-zimage-turbo-s44-hy3d-full_LOD0-rigged.glb
2026-10-03T12:19:47	roles	roles	5.0	0.1	1	$M3D_OUT/teddy-fix-2026-10-03/ring-orig/skintokens/concept-zimage-turbo-s44-hy3d-full_LOD0-rigged.roles.json
2026-10-03T12:19:52	weightfix	weightfix-rip	5.0	0.2	1	$M3D_OUT/teddy-fix-2026-10-03/ring-orig/concept-zimage-turbo-s44-hy3d-full_LOD0-rigged.glb
2026-10-03T12:19:57	rigplot	rigplot	5.0	0.3	1	$M3D_OUT/teddy-fix-2026-10-03/ring-orig/concept-zimage-turbo-s44-hy3d-full_LOD0-rigged-rigplot.png
2026-10-03T12:20:02	rigstress	rigstress	5.0	0.2	1	$M3D_OUT/teddy-fix-2026-10-03/ring-orig/concept-zimage-turbo-s44-hy3d-full_LOD0-rigged-rigstress.json
2026-10-03T12:20:51	rig	skintokens-graft	5.0	0.1	1	$M3D_OUT/teddy-fix-2026-10-03/rip-tpose/skintokens/concept-zimage-turbo-s42-hy3d-full_LOD0-rigged.glb
2026-10-03T12:20:56	roles	roles	5.0	0.1	1	$M3D_OUT/teddy-fix-2026-10-03/rip-tpose/skintokens/concept-zimage-turbo-s42-hy3d-full_LOD0-rigged.roles.json
2026-10-03T12:21:01	weightfix	weightfix-rip	5.0	0.3	0	$M3D_OUT/teddy-fix-2026-10-03/rip-tpose/concept-zimage-turbo-s42-hy3d-full_LOD0-rigged.glb
2026-10-03T12:21:06	rig	skintokens-graft	5.0	0.1	1	$M3D_OUT/teddy-fix-2026-10-03/rip-apose/skintokens/concept-zimage-turbo-s43-hy3d-full_LOD0-rigged.glb
2026-10-03T12:21:11	roles	roles	5.0	0.1	1	$M3D_OUT/teddy-fix-2026-10-03/rip-apose/skintokens/concept-zimage-turbo-s43-hy3d-full_LOD0-rigged.roles.json
2026-10-03T12:21:16	weightfix	weightfix-rip	5.0	0.2	0	$M3D_OUT/teddy-fix-2026-10-03/rip-apose/concept-zimage-turbo-s43-hy3d-full_LOD0-rigged.glb
2026-10-03T12:21:21	rig	skintokens-graft	5.0	0.1	1	$M3D_OUT/teddy-fix-2026-10-03/rip-orig/skintokens/concept-zimage-turbo-s44-hy3d-full_LOD0-rigged.glb
2026-10-03T12:21:26	roles	roles	5.0	0.1	1	$M3D_OUT/teddy-fix-2026-10-03/rip-orig/skintokens/concept-zimage-turbo-s44-hy3d-full_LOD0-rigged.roles.json
2026-10-03T12:21:31	weightfix	weightfix-rip	5.0	0.2	0	$M3D_OUT/teddy-fix-2026-10-03/rip-orig/concept-zimage-turbo-s44-hy3d-full_LOD0-rigged.glb
2026-10-03T12:21:51	rig	skintokens-graft	5.0	0.1	1	$M3D_OUT/teddy-fix-2026-10-03/rip-tpose/skintokens/concept-zimage-turbo-s42-hy3d-full_LOD0-rigged.glb
2026-10-03T12:21:56	roles	roles	5.0	0.1	1	$M3D_OUT/teddy-fix-2026-10-03/rip-tpose/skintokens/concept-zimage-turbo-s42-hy3d-full_LOD0-rigged.roles.json
2026-10-03T12:22:01	weightfix	weightfix-rip	5.0	0.3	1	$M3D_OUT/teddy-fix-2026-10-03/rip-tpose/concept-zimage-turbo-s42-hy3d-full_LOD0-rigged.glb
2026-10-03T12:22:06	rigplot	rigplot	5.0	0.3	1	$M3D_OUT/teddy-fix-2026-10-03/rip-tpose/concept-zimage-turbo-s42-hy3d-full_LOD0-rigged-rigplot.png
2026-10-03T12:22:11	rigstress	rigstress	5.0	0.2	1	$M3D_OUT/teddy-fix-2026-10-03/rip-tpose/concept-zimage-turbo-s42-hy3d-full_LOD0-rigged-rigstress.json
2026-10-03T12:22:16	rig	skintokens-graft	5.0	0.1	1	$M3D_OUT/teddy-fix-2026-10-03/rip-apose/skintokens/concept-zimage-turbo-s43-hy3d-full_LOD0-rigged.glb
2026-10-03T12:22:21	roles	roles	5.0	0.1	1	$M3D_OUT/teddy-fix-2026-10-03/rip-apose/skintokens/concept-zimage-turbo-s43-hy3d-full_LOD0-rigged.roles.json
2026-10-03T12:22:26	weightfix	weightfix-rip	5.0	0.3	1	$M3D_OUT/teddy-fix-2026-10-03/rip-apose/concept-zimage-turbo-s43-hy3d-full_LOD0-rigged.glb
2026-10-03T12:22:31	rigplot	rigplot	5.0	0.3	1	$M3D_OUT/teddy-fix-2026-10-03/rip-apose/concept-zimage-turbo-s43-hy3d-full_LOD0-rigged-rigplot.png
2026-10-03T12:22:36	rigstress	rigstress	5.0	0.2	1	$M3D_OUT/teddy-fix-2026-10-03/rip-apose/concept-zimage-turbo-s43-hy3d-full_LOD0-rigged-rigstress.json
2026-10-03T12:22:41	rig	skintokens-graft	5.0	0.1	1	$M3D_OUT/teddy-fix-2026-10-03/rip-orig/skintokens/concept-zimage-turbo-s44-hy3d-full_LOD0-rigged.glb
2026-10-03T12:22:46	roles	roles	5.0	0.1	1	$M3D_OUT/teddy-fix-2026-10-03/rip-orig/skintokens/concept-zimage-turbo-s44-hy3d-full_LOD0-rigged.roles.json
2026-10-03T12:22:51	weightfix	weightfix-rip	5.0	0.2	1	$M3D_OUT/teddy-fix-2026-10-03/rip-orig/concept-zimage-turbo-s44-hy3d-full_LOD0-rigged.glb
2026-10-03T12:22:56	rigplot	rigplot	5.0	0.3	1	$M3D_OUT/teddy-fix-2026-10-03/rip-orig/concept-zimage-turbo-s44-hy3d-full_LOD0-rigged-rigplot.png
2026-10-03T12:23:01	rigstress	rigstress	5.0	0.2	1	$M3D_OUT/teddy-fix-2026-10-03/rip-orig/concept-zimage-turbo-s44-hy3d-full_LOD0-rigged-rigstress.json
2026-10-03T12:23:29	anim	procedural	5.0	0.7	1	$M3D_OUT/teddy-fix-2026-10-03/tpose-anim/anim/concept-zimage-turbo-s42-hy3d-full_LOD0-rigged.all.glb
2026-10-03T12:23:41	animcheck	animcheck	10.0	0.4	1	$M3D_OUT/teddy-fix-2026-10-03/tpose-anim/anim/concept-zimage-turbo-s42-hy3d-full_LOD0-rigged.wave-animcheck.json
2026-10-03T12:23:51	animcheck	animcheck	10.0	0.4	1	$M3D_OUT/teddy-fix-2026-10-03/tpose-anim/anim/concept-zimage-turbo-s42-hy3d-full_LOD0-rigged.hop-animcheck.json
2026-10-03T12:24:01	animcheck	animcheck	10.0	0.4	1	$M3D_OUT/teddy-fix-2026-10-03/tpose-anim/anim/concept-zimage-turbo-s42-hy3d-full_LOD0-rigged.idle-animcheck.json
2026-10-03T12:39:18	rig	puppet	5.0	0.5	1	$M3D_OUT/teddy-fix-2026-10-03/fig/rig/concept-zimage-turbo-s42-hy3d-full_LOD0-rigged.glb
2026-10-03T12:39:23	rigplot	rigplot	5.0	0.3	1	$M3D_OUT/teddy-fix-2026-10-03/fig/rig/concept-zimage-turbo-s42-hy3d-full_LOD0-rigged-rigplot.png
2026-10-03T12:39:28	rigstress	rigstress	5.0	0.2	1	$M3D_OUT/teddy-fix-2026-10-03/fig/rig/concept-zimage-turbo-s42-hy3d-full_LOD0-rigged-rigstress.json
2026-10-03T12:40:24	rig	puppet	5.0	0.5	1	$M3D_OUT/teddy-fix-2026-10-03/fig/rig2/concept-zimage-turbo-s42-hy3d-full_LOD0-rigged.glb
2026-10-03T12:40:29	rigplot	rigplot	5.0	0.3	1	$M3D_OUT/teddy-fix-2026-10-03/fig/rig2/concept-zimage-turbo-s42-hy3d-full_LOD0-rigged-rigplot.png
2026-10-03T12:40:34	rigstress	rigstress	5.0	0.2	1	$M3D_OUT/teddy-fix-2026-10-03/fig/rig2/concept-zimage-turbo-s42-hy3d-full_LOD0-rigged-rigstress.json
2026-10-03T12:40:47	anim	procedural	5.0	0.7	1	$M3D_OUT/teddy-fix-2026-10-03/fig/anim2/anim/concept-zimage-turbo-s42-hy3d-full_LOD0-rigged.all.glb
2026-10-03T12:41:00	animcheck	animcheck	10.0	0.5	1	$M3D_OUT/teddy-fix-2026-10-03/fig/anim2/anim/concept-zimage-turbo-s42-hy3d-full_LOD0-rigged.wave-animcheck.json
2026-10-03T12:41:10	animcheck	animcheck	10.0	0.5	1	$M3D_OUT/teddy-fix-2026-10-03/fig/anim2/anim/concept-zimage-turbo-s42-hy3d-full_LOD0-rigged.hop-animcheck.json
2026-10-03T12:41:20	animcheck	animcheck	10.0	0.4	1	$M3D_OUT/teddy-fix-2026-10-03/fig/anim2/anim/concept-zimage-turbo-s42-hy3d-full_LOD0-rigged.idle-animcheck.json
2026-10-03T12:42:16	rig	puppet	5.0	0.5	1	$M3D_OUT/teddy-fix-2026-10-03/fig/rig3/concept-zimage-turbo-s42-hy3d-full_LOD0-rigged.glb
2026-10-03T12:42:21	rigplot	rigplot	5.0	0.3	1	$M3D_OUT/teddy-fix-2026-10-03/fig/rig3/concept-zimage-turbo-s42-hy3d-full_LOD0-rigged-rigplot.png
2026-10-03T12:42:26	rigstress	rigstress	5.0	0.2	1	$M3D_OUT/teddy-fix-2026-10-03/fig/rig3/concept-zimage-turbo-s42-hy3d-full_LOD0-rigged-rigstress.json
2026-10-03T12:42:32	anim	procedural	5.0	0.7	1	$M3D_OUT/teddy-fix-2026-10-03/fig/anim3/anim/concept-zimage-turbo-s42-hy3d-full_LOD0-rigged.all.glb
2026-10-03T12:42:44	animcheck	animcheck	10.0	0.5	1	$M3D_OUT/teddy-fix-2026-10-03/fig/anim3/anim/concept-zimage-turbo-s42-hy3d-full_LOD0-rigged.wave-animcheck.json
2026-10-03T12:42:54	animcheck	animcheck	10.0	0.5	1	$M3D_OUT/teddy-fix-2026-10-03/fig/anim3/anim/concept-zimage-turbo-s42-hy3d-full_LOD0-rigged.hop-animcheck.json
2026-10-03T12:43:04	animcheck	animcheck	10.0	0.4	1	$M3D_OUT/teddy-fix-2026-10-03/fig/anim3/anim/concept-zimage-turbo-s42-hy3d-full_LOD0-rigged.idle-animcheck.json
2026-10-03T12:55:00	concept	zimage-turbo	25.0	22.0	1	$M3D_OUT/teddy-fix-2026-10-03/wings/concept-zimage-turbo-s42.png
2026-10-03T12:55:26	concept	zimage-turbo	25.0	22.0	1	$M3D_OUT/teddy-fix-2026-10-03/wings/concept-zimage-turbo-s43.png
2026-10-03T12:55:51	concept	zimage-turbo	25.0	22.0	1	$M3D_OUT/teddy-fix-2026-10-03/wings/concept-zimage-turbo-s44.png
2026-10-03T12:56:16	concept	zimage-turbo	25.0	22.0	1	$M3D_OUT/teddy-fix-2026-10-03/wings/concept-zimage-turbo-s45.png
2026-10-03T12:56:41	concept	zimage-turbo	25.0	22.0	1	$M3D_OUT/teddy-fix-2026-10-03/wings/concept-zimage-turbo-s46.png
2026-10-03T12:57:06	concept	zimage-turbo	25.0	22.0	1	$M3D_OUT/teddy-fix-2026-10-03/wings/concept-zimage-turbo-s47.png
2026-10-03T12:57:31	concept	zimage-turbo	25.0	22.0	1	$M3D_OUT/teddy-fix-2026-10-03/wings/concept-zimage-turbo-s48.png
2026-10-03T12:57:56	concept	zimage-turbo	25.0	22.0	1	$M3D_OUT/teddy-fix-2026-10-03/wings/concept-zimage-turbo-s49.png
2026-10-03T12:58:04	posecheck	posecheck	5.0	0.1	1	$M3D_OUT/teddy-fix-2026-10-03/wings/posecheck.json
2026-10-03T13:00:25	mesh-full	hy3d	125.2	32.2	1	$M3D_OUT/teddy-fix-2026-10-03/wings/concept-zimage-turbo-s42-hy3d-full.glb
2026-10-03T13:00:35	post-visionos	blender-cpu	10.0	1.5	1	$M3D_OUT/teddy-fix-2026-10-03/wings/concept-zimage-turbo-s42-hy3d-full-visionos/concept-zimage-turbo-s42-hy3d-full_LOD0.glb
2026-10-03T13:01:11	rig	skintokens-metal	35.0	1.4	1	$M3D_OUT/teddy-fix-2026-10-03/wings/concept-zimage-turbo-s42-hy3d-full-visionos/rig/skintokens/concept-zimage-turbo-s42-hy3d-full_LOD0-rigged.glb
2026-10-03T13:01:16	roles	roles	5.0	0.1	1	$M3D_OUT/teddy-fix-2026-10-03/wings/concept-zimage-turbo-s42-hy3d-full-visionos/rig/skintokens/concept-zimage-turbo-s42-hy3d-full_LOD0-rigged.roles.json
2026-10-03T13:01:21	weightfix	weightfix-rip	5.0	0.3	1	$M3D_OUT/teddy-fix-2026-10-03/wings/concept-zimage-turbo-s42-hy3d-full-visionos/rig/concept-zimage-turbo-s42-hy3d-full_LOD0-rigged.glb
2026-10-03T13:01:26	rigplot	rigplot	5.0	0.3	1	$M3D_OUT/teddy-fix-2026-10-03/wings/concept-zimage-turbo-s42-hy3d-full-visionos/rig/concept-zimage-turbo-s42-hy3d-full_LOD0-rigged-rigplot.png
2026-10-03T13:01:31	rigstress	rigstress	5.0	0.2	1	$M3D_OUT/teddy-fix-2026-10-03/wings/concept-zimage-turbo-s42-hy3d-full-visionos/rig/concept-zimage-turbo-s42-hy3d-full_LOD0-rigged-rigstress.json
2026-10-03T13:02:09	anim	procedural	5.0	0.7	1	$M3D_OUT/teddy-fix-2026-10-03/wings/anim/anim/concept-zimage-turbo-s42-hy3d-full_LOD0-rigged.all.glb
2026-10-03T13:02:22	animcheck	animcheck	10.0	0.4	1	$M3D_OUT/teddy-fix-2026-10-03/wings/anim/anim/concept-zimage-turbo-s42-hy3d-full_LOD0-rigged.wave-animcheck.json
2026-10-03T13:02:32	animcheck	animcheck	10.0	0.4	1	$M3D_OUT/teddy-fix-2026-10-03/wings/anim/anim/concept-zimage-turbo-s42-hy3d-full_LOD0-rigged.hop-animcheck.json
2026-10-03T13:02:42	animcheck	animcheck	10.0	0.4	1	$M3D_OUT/teddy-fix-2026-10-03/wings/anim/anim/concept-zimage-turbo-s42-hy3d-full_LOD0-rigged.idle-animcheck.json
2026-10-03T13:03:00	anim	procedural	5.0	0.7	1	$M3D_OUT/teddy-fix-2026-10-03/wings/anim/anim/concept-zimage-turbo-s42-hy3d-full_LOD0-rigged.all.glb
2026-10-03T13:03:13	animcheck	animcheck	10.0	0.4	1	$M3D_OUT/teddy-fix-2026-10-03/wings/anim/anim/concept-zimage-turbo-s42-hy3d-full_LOD0-rigged.wave-animcheck.json
2026-10-03T13:03:23	animcheck	animcheck	10.0	0.4	1	$M3D_OUT/teddy-fix-2026-10-03/wings/anim/anim/concept-zimage-turbo-s42-hy3d-full_LOD0-rigged.hop-animcheck.json
2026-10-03T13:03:33	animcheck	animcheck	10.0	0.4	1	$M3D_OUT/teddy-fix-2026-10-03/wings/anim/anim/concept-zimage-turbo-s42-hy3d-full_LOD0-rigged.idle-animcheck.json
2026-10-03T13:03:38	anim	procedural	5.0	0.6	1	(scratch)
2026-10-03T13:03:48	animcheck	animcheck	10.0	0.4	1	(scratch)
2026-10-03T13:04:34	anim	procedural	5.0	0.7	1	$M3D_OUT/teddy-fix-2026-10-03/wings/anim/anim/concept-zimage-turbo-s42-hy3d-full_LOD0-rigged.all.glb
2026-10-03T13:04:46	animcheck	animcheck	10.0	0.4	1	$M3D_OUT/teddy-fix-2026-10-03/wings/anim/anim/concept-zimage-turbo-s42-hy3d-full_LOD0-rigged.wave-animcheck.json
2026-10-03T13:04:56	animcheck	animcheck	10.0	0.4	1	$M3D_OUT/teddy-fix-2026-10-03/wings/anim/anim/concept-zimage-turbo-s42-hy3d-full_LOD0-rigged.hop-animcheck.json
2026-10-03T13:05:06	animcheck	animcheck	10.0	0.4	1	$M3D_OUT/teddy-fix-2026-10-03/wings/anim/anim/concept-zimage-turbo-s42-hy3d-full_LOD0-rigged.idle-animcheck.json
2026-10-03T13:05:27	anim	procedural	5.0	0.7	1	$M3D_OUT/teddy-fix-2026-10-03/wings/anim/anim/concept-zimage-turbo-s42-hy3d-full_LOD0-rigged.all.glb
2026-10-03T13:05:39	animcheck	animcheck	10.0	0.4	1	$M3D_OUT/teddy-fix-2026-10-03/wings/anim/anim/concept-zimage-turbo-s42-hy3d-full_LOD0-rigged.wave-animcheck.json
2026-10-03T13:05:49	animcheck	animcheck	10.0	0.4	1	$M3D_OUT/teddy-fix-2026-10-03/wings/anim/anim/concept-zimage-turbo-s42-hy3d-full_LOD0-rigged.hop-animcheck.json
2026-10-03T13:05:59	animcheck	animcheck	10.0	0.4	1	$M3D_OUT/teddy-fix-2026-10-03/wings/anim/anim/concept-zimage-turbo-s42-hy3d-full_LOD0-rigged.idle-animcheck.json
2026-10-03T13:07:28	anim	procedural	5.0	0.7	1	$M3D_OUT/teddy-fix-2026-10-03/wings/anim/anim/concept-zimage-turbo-s42-hy3d-full_LOD0-rigged.all.glb
2026-10-03T13:07:40	animcheck	animcheck	10.0	0.4	1	$M3D_OUT/teddy-fix-2026-10-03/wings/anim/anim/concept-zimage-turbo-s42-hy3d-full_LOD0-rigged.wave-animcheck.json
2026-10-03T13:07:50	animcheck	animcheck	10.0	0.4	1	$M3D_OUT/teddy-fix-2026-10-03/wings/anim/anim/concept-zimage-turbo-s42-hy3d-full_LOD0-rigged.hop-animcheck.json
2026-10-03T13:08:00	animcheck	animcheck	10.0	0.4	1	$M3D_OUT/teddy-fix-2026-10-03/wings/anim/anim/concept-zimage-turbo-s42-hy3d-full_LOD0-rigged.idle-animcheck.json
2026-10-03T13:09:08	anim	procedural	5.0	0.7	1	$M3D_OUT/teddy-fix-2026-10-03/wings/anim/anim/concept-zimage-turbo-s42-hy3d-full_LOD0-rigged.all.glb
2026-10-03T13:09:20	animcheck	animcheck	10.0	0.4	1	$M3D_OUT/teddy-fix-2026-10-03/wings/anim/anim/concept-zimage-turbo-s42-hy3d-full_LOD0-rigged.wave-animcheck.json
2026-10-03T13:09:30	animcheck	animcheck	10.0	0.4	1	$M3D_OUT/teddy-fix-2026-10-03/wings/anim/anim/concept-zimage-turbo-s42-hy3d-full_LOD0-rigged.hop-animcheck.json
2026-10-03T13:09:40	animcheck	animcheck	10.0	0.4	1	$M3D_OUT/teddy-fix-2026-10-03/wings/anim/anim/concept-zimage-turbo-s42-hy3d-full_LOD0-rigged.idle-animcheck.json
2026-10-03T13:09:58	anim	procedural	5.0	0.7	1	(scratch)
2026-10-03T13:10:08	animcheck	animcheck	10.0	0.5	1	(scratch)
2026-10-03T13:10:18	animcheck	animcheck	10.0	0.5	1	(scratch)
2026-10-03T13:10:28	animcheck	animcheck	10.0	0.4	1	(scratch)
2026-10-04T21:41:44	concept	zimage-turbo	25.0	22.0	1	$M3D_OUT/20261004-214114-a-small-red-ceramic-cube-on-a-plain-white-backgr/concept-zimage-turbo-s42.png
